{"mean": 59.62242439612116, "std": 4.212092368314555, "min_val": 54.42604354196056, "max_val": 105.79746676271202}