{"mean": 56.00209075744544, "std": 5.761533706342774, "min_val": 40.40928894952408, "max_val": 103.80548746494114}