{"background": 0.00012380283547712211, "pedestrian": 0.49374198702138145, "cyclist": 0.4158134117152977, "car": 0.09032079842784382}