{"mean": 58.47112418237332, "std": 3.748725977590863, "min_val": 37.59535773996415, "max_val": 119.08313902425246}