{"background": 0.0004236998233593304, "pedestrian": 0.4749960642363426, "cyclist": 0.4175089566101426, "car": 0.1070712793301555}